City,ID,Lat,Long,Max Temp,Humidity,Cloudiness,Wind,Country,Date
matangad,1700433,8.5769,124.37,77.77,79,100,3.83,PH,Wed Jun 23 15:37:11 2021
sambava,1056899,-14.2667,50.1667,66.96,79,3,9.84,MG,Wed Jun 23 15:37:11 2021
rikitea,4030556,-23.1203,-134.9692,75.61,74,2,10.56,PF,Wed Jun 23 15:37:12 2021
hobart,2163355,-42.8794,147.3294,51.12,89,0,9.22,AU,Wed Jun 23 15:37:12 2021
haines junction,5969025,60.7522,-137.5108,69.75,35,40,12.66,CA,Wed Jun 23 15:37:12 2021
abha,110690,18.2164,42.5053,70.05,12,0,0,SA,Wed Jun 23 15:37:13 2021
ingham,4997130,42.6,-84.3833,73.02,68,90,6.91,US,Wed Jun 23 15:37:13 2021
iqaluit,5983720,63.7506,-68.5145,40.73,75,75,5.99,CA,Wed Jun 23 15:37:14 2021
havre-saint-pierre,5972291,50.2334,-63.5986,61.39,77,90,13.8,CA,Wed Jun 23 15:37:14 2021
aba,2353151,5.1066,7.3667,72.54,95,94,3.8,NG,Wed Jun 23 15:37:14 2021
lompoc,5367788,34.6391,-120.4579,77.22,64,1,11.5,US,Wed Jun 23 15:37:15 2021
praia da vitoria,3372760,38.7333,-27.0667,68.25,68,20,3.58,PT,Wed Jun 23 15:37:15 2021
chokurdakh,2126123,70.6333,147.9167,76.55,26,24,4.56,RU,Wed Jun 23 15:37:15 2021
sitka,5557293,57.0531,-135.33,57.09,72,90,3.44,US,Wed Jun 23 15:37:16 2021
vaini,4032243,-21.2,-175.2,69.96,94,90,4.61,TO,Wed Jun 23 15:37:16 2021
yellowknife,6185377,62.456,-114.3525,57.72,38,20,11.5,CA,Wed Jun 23 15:37:17 2021
cherskiy,2126199,68.75,161.3,62.8,32,5,6.62,RU,Wed Jun 23 15:37:17 2021
dikson,1507390,73.5069,80.5464,35.08,92,100,13.35,RU,Wed Jun 23 15:37:17 2021
taksimo,2015701,56.3444,114.8794,68.95,66,5,2.1,RU,Wed Jun 23 15:37:18 2021
henties bay,3356832,-22.116,14.2845,55.85,85,0,6.58,NA,Wed Jun 23 15:37:18 2021
takoradi,2294915,4.8845,-1.7554,76.39,89,86,8.59,GH,Wed Jun 23 15:37:18 2021
bardiyah,80509,31.7561,25.0865,75.29,79,0,11.21,LY,Wed Jun 23 15:37:19 2021
carnarvon,2074865,-24.8667,113.6333,44.67,58,0,10.36,AU,Wed Jun 23 15:37:19 2021
nouadhibou,2377457,20.931,-17.0347,69.78,73,0,19.57,MR,Wed Jun 23 15:37:19 2021
imbituba,3461370,-28.24,-48.6703,62.49,88,100,10.67,BR,Wed Jun 23 15:37:20 2021
saint george,5546220,37.1041,-113.5841,93.63,24,75,7,US,Wed Jun 23 15:33:41 2021
camacari,3468031,-12.6975,-38.3242,78.57,80,53,5.1,BR,Wed Jun 23 15:37:21 2021
jamestown,5122534,42.097,-79.2353,73.09,42,20,6.91,US,Wed Jun 23 15:37:21 2021
punta arenas,3874787,-53.15,-70.9167,35.71,100,75,5.75,CL,Wed Jun 23 15:37:21 2021
trstenik,784873,43.6169,21.0025,73.81,58,0,3.98,RS,Wed Jun 23 15:37:22 2021
busselton,2075265,-33.65,115.3333,52.52,66,75,3.94,AU,Wed Jun 23 15:37:22 2021
port hedland,2063042,-20.3167,118.5667,44.65,87,26,6.91,AU,Wed Jun 23 15:37:22 2021
faanui,4034551,-16.4833,-151.75,80.35,70,9,10.33,PF,Wed Jun 23 15:37:23 2021
kapaa,5848280,22.0752,-159.319,82.72,79,75,1.01,US,Wed Jun 23 15:37:23 2021
ushuaia,3833367,-54.8,-68.3,35.26,75,20,3.44,AR,Wed Jun 23 15:35:05 2021
mangrol,1263752,21.1167,70.1167,83.41,75,85,12.5,IN,Wed Jun 23 15:37:24 2021
albany,5106841,42.6001,-73.9662,72.18,37,2,6.64,US,Wed Jun 23 15:35:36 2021
ponta do sol,2264557,32.6667,-17.1,67.12,66,25,8.63,PT,Wed Jun 23 15:37:25 2021
mayo,4362001,38.8876,-76.5119,77.41,46,1,3,US,Wed Jun 23 15:37:25 2021
wakkanai,2127515,45.4094,141.6739,60.82,84,89,11.01,JP,Wed Jun 23 15:37:25 2021
davila,1715335,18.4726,120.5763,73.38,78,100,6.91,PH,Wed Jun 23 15:37:26 2021
touros,3386213,-5.1989,-35.4608,76.1,73,16,12.84,BR,Wed Jun 23 15:37:26 2021
saldanha,3361934,-33.0117,17.9442,48.25,77,84,8.14,ZA,Wed Jun 23 15:37:27 2021
hithadhoo,1282256,-0.6,73.0833,83.12,69,87,7.54,MV,Wed Jun 23 15:37:27 2021
saint-philippe,935215,-21.3585,55.7679,67.55,67,46,9.66,RE,Wed Jun 23 15:37:27 2021
lavrentiya,4031637,65.5833,-171,51.49,69,99,1.72,RU,Wed Jun 23 15:37:28 2021
yerofey pavlovich,2012938,53.9667,121.9667,71.69,61,57,1.88,RU,Wed Jun 23 15:35:15 2021
new norfolk,2155415,-42.7826,147.0587,50.76,86,26,2.13,AU,Wed Jun 23 15:37:28 2021
cahabon,3599265,15.5667,-89.8167,79.9,79,97,2.3,GT,Wed Jun 23 15:37:29 2021
airai,1651810,-8.9266,125.4092,61.77,90,38,1.39,TL,Wed Jun 23 15:37:29 2021
hermanus,3366880,-34.4187,19.2345,51.91,65,97,3.49,ZA,Wed Jun 23 15:37:30 2021
cidreira,3466165,-30.1811,-50.2056,62.6,82,100,21.74,BR,Wed Jun 23 15:37:30 2021
saskylakh,2017155,71.9167,114.0833,49.66,46,47,10.4,RU,Wed Jun 23 15:37:30 2021
lebu,3883457,-37.6167,-73.65,50.29,82,47,7,CL,Wed Jun 23 15:37:31 2021
baculin,1729469,7.4525,126.5842,80.6,81,76,4.47,PH,Wed Jun 23 15:37:31 2021
barkhan,1183307,29.8977,69.5256,82.53,36,0,7.36,PK,Wed Jun 23 15:37:31 2021
yulara,6355222,-25.2406,130.9889,35.44,100,0,0,AU,Wed Jun 23 15:37:32 2021
laurinburg,4475347,34.7741,-79.4628,82.49,52,75,8.05,US,Wed Jun 23 15:37:07 2021
hasaki,2112802,35.7333,140.8333,71.19,71,88,4.36,JP,Wed Jun 23 15:37:32 2021
san francisco del mar,3519274,16.2333,-94.65,84.33,73,100,10.6,MX,Wed Jun 23 15:37:33 2021
wajima,1848976,37.4,136.9,68.52,75,8,0.76,JP,Wed Jun 23 15:37:33 2021
hilo,5855927,19.7297,-155.09,82.13,64,75,8.05,US,Wed Jun 23 15:37:33 2021
cockburn town,3576994,21.4612,-71.1419,80.67,78,72,18.28,TC,Wed Jun 23 15:36:34 2021
los llanos de aridane,2514651,28.6585,-17.9182,65.95,74,20,18.41,ES,Wed Jun 23 15:37:34 2021
fairbanks,5861897,64.8378,-147.7164,83.01,32,1,11.5,US,Wed Jun 23 15:33:27 2021
ulladulla,2145554,-35.35,150.4667,60.76,72,100,10.07,AU,Wed Jun 23 15:37:35 2021
kalmunai,1242110,7.4167,81.8167,77.4,81,92,10.63,LK,Wed Jun 23 15:37:35 2021
ust-tsilma,477940,65.441,52.1498,58.89,83,83,5.01,RU,Wed Jun 23 15:37:35 2021
georgetown,1735106,5.4112,100.3354,77.9,93,40,3,MY,Wed Jun 23 15:34:27 2021
te anau,2181625,-45.4167,167.7167,46.76,88,100,6.93,NZ,Wed Jun 23 15:37:36 2021
barrow,5880054,71.2906,-156.7887,42.82,75,75,6.91,US,Wed Jun 23 15:37:36 2021
muros,3115824,42.7762,-9.0603,58.84,78,8,14.14,ES,Wed Jun 23 15:37:37 2021
mehamn,778707,71.0357,27.8492,47.48,75,90,7.7,NO,Wed Jun 23 15:37:37 2021
masindi,229362,1.6744,31.715,61.95,90,90,3.74,UG,Wed Jun 23 15:37:37 2021
cayenne,3382160,4.9333,-52.3333,79.09,87,0,3.44,GF,Wed Jun 23 15:37:38 2021
atuona,4020109,-9.8,-139.0333,78.93,78,6,16.8,PF,Wed Jun 23 15:33:12 2021
sungairaya,1625908,0.7,108.9,77.25,88,98,7.85,ID,Wed Jun 23 15:37:38 2021
muroto,1856392,33.2833,134.15,73.44,76,16,5.08,JP,Wed Jun 23 15:37:38 2021
ahipara,2194098,-35.1667,173.1667,55.63,60,1,1.28,NZ,Wed Jun 23 15:37:39 2021
butaritari,2110227,3.0707,172.7902,84.51,69,17,15.88,KI,Wed Jun 23 15:37:39 2021
richards bay,962367,-28.783,32.0377,62.02,52,53,4.72,ZA,Wed Jun 23 15:34:06 2021
dong hoi,1582886,17.4833,106.6,82.58,74,100,8.77,VN,Wed Jun 23 15:37:40 2021
balaipungut,1650600,1.05,101.2833,75.61,98,47,1.39,ID,Wed Jun 23 15:37:40 2021
vila,7117100,42.0304,-8.1588,50.88,80,4,5.59,PT,Wed Jun 23 15:37:40 2021
juybar,129933,36.6412,52.9124,76.37,61,0,1.5,IR,Wed Jun 23 15:37:41 2021
shintomi,1856717,32.0785,131.4723,74.52,69,5,2.93,JP,Wed Jun 23 15:37:41 2021
huesca,3120514,42.1362,-0.4087,59.83,74,0,5.01,ES,Wed Jun 23 15:37:42 2021
nome,5870133,64.5011,-165.4064,68.16,77,40,8.05,US,Wed Jun 23 15:37:42 2021
qaanaaq,3831208,77.484,-69.3632,49.08,47,83,4.25,GL,Wed Jun 23 15:37:42 2021
nanortalik,3421765,60.1432,-45.2371,47.61,89,100,21.88,GL,Wed Jun 23 15:37:43 2021
tazovskiy,1489853,67.4667,78.7,39.38,85,90,6.11,RU,Wed Jun 23 15:37:43 2021
buraydah,107304,26.326,43.975,90.05,14,0,8.21,SA,Wed Jun 23 15:37:43 2021
vestmannaeyjar,3412093,63.4427,-20.2734,48.85,74,14,8.34,IS,Wed Jun 23 15:37:44 2021
khorixas,3356213,-20.3667,14.9667,62.73,35,0,9.08,NA,Wed Jun 23 15:37:44 2021
lima,3936456,-12.0432,-77.0282,64.65,81,90,14.97,PE,Wed Jun 23 15:37:30 2021
colquechaca,3919720,-18.6667,-66.0167,35.69,20,22,12.73,BO,Wed Jun 23 15:37:45 2021
oppdal,3143513,62.5943,9.6912,51.28,84,100,2.48,NO,Wed Jun 23 15:37:45 2021
hervey bay,2146219,-25.2986,152.8535,69.04,92,98,3,AU,Wed Jun 23 15:37:45 2021
kununurra,2068110,-15.7667,128.7333,71.58,64,75,9.22,AU,Wed Jun 23 15:36:25 2021
moyale,186180,3.5167,39.0584,64.87,74,35,10.18,KE,Wed Jun 23 15:37:46 2021
marawi,1701054,7.9986,124.2928,69.66,92,100,2.01,PH,Wed Jun 23 15:37:46 2021
pitimbu,3391889,-7.4706,-34.8086,75.79,77,5,10.6,BR,Wed Jun 23 15:37:47 2021
fortuna,5563839,40.5982,-124.1573,79.41,75,1,8.01,US,Wed Jun 23 15:37:47 2021
nikolskoye,546105,59.7035,30.7861,71.8,79,42,4.68,RU,Wed Jun 23 15:37:48 2021
mana,3381041,5.6592,-53.7767,77.25,76,81,10.29,GF,Wed Jun 23 15:37:48 2021
victoria,1819729,22.2855,114.1577,80.65,91,100,1.99,HK,Wed Jun 23 15:33:07 2021
grindavik,3416888,63.8424,-22.4338,51.75,71,0,11.5,IS,Wed Jun 23 15:37:49 2021
puerto ayora,3652764,-0.7393,-90.3518,76.96,83,99,9.55,EC,Wed Jun 23 15:37:49 2021
chuy,3443061,-33.6971,-53.4616,60.03,85,100,19.06,UY,Wed Jun 23 15:37:50 2021
east london,1006984,-33.0153,27.9116,62.1,75,99,11.86,ZA,Wed Jun 23 15:37:50 2021
esperance,2071860,-33.8667,121.9,51.64,70,68,12.86,AU,Wed Jun 23 15:37:50 2021
san quintin,3984997,30.4833,-115.95,70.23,74,4,13.31,MX,Wed Jun 23 15:37:51 2021
cabo san lucas,3985710,22.8909,-109.9124,94.8,61,20,19.57,MX,Wed Jun 23 15:36:02 2021
nouakchott,2377450,18.0858,-15.9785,78.73,59,33,21.52,MR,Wed Jun 23 15:37:51 2021
imeni babushkina,556858,59.7573,43.1285,69.46,76,12,5.03,RU,Wed Jun 23 15:37:52 2021
nogliki,2122783,51.8333,143.1667,50.25,78,45,4.38,RU,Wed Jun 23 15:37:52 2021
acarau,3408368,-2.8856,-40.12,79.14,76,4,12.93,BR,Wed Jun 23 15:36:49 2021
sarzedo,3447969,-20.0353,-44.1447,67.08,70,70,5.66,BR,Wed Jun 23 15:37:53 2021
vung tau,1562414,10.346,107.0843,80.29,83,100,10.38,VN,Wed Jun 23 15:37:53 2021
santander,3109718,43.4647,-3.8044,58.71,95,75,3,ES,Wed Jun 23 15:35:18 2021
kalat,1175296,29.0225,66.5916,66.22,13,0,2.8,PK,Wed Jun 23 15:37:54 2021
lyubytino,532463,58.8122,33.3922,69.76,77,46,5.06,RU,Wed Jun 23 15:37:54 2021
astoria,5711847,46.1879,-123.8313,78.08,73,75,9.22,US,Wed Jun 23 15:37:54 2021
oussouye,2246901,12.485,-16.5469,82.49,72,55,12.93,SN,Wed Jun 23 15:37:55 2021
luderitz,3355672,-26.6481,15.1594,56.35,71,0,7.94,NA,Wed Jun 23 15:37:55 2021
maraa,3663475,-1.8333,-65.3667,74.32,95,78,1.61,BR,Wed Jun 23 15:37:56 2021
kaitangata,2208248,-46.2817,169.8464,45.93,74,100,4.99,NZ,Wed Jun 23 15:37:56 2021
bethel,5282297,41.3712,-73.414,74.91,54,75,4.61,US,Wed Jun 23 15:35:05 2021
pervomaysk,697593,48.0443,30.8507,72.07,86,22,4.27,UA,Wed Jun 23 15:37:57 2021
mataura,6201424,-46.1927,168.8643,45.48,78,100,4.43,NZ,Wed Jun 23 15:37:57 2021
bluff,2206939,-46.6,168.3333,45.81,80,100,14.56,NZ,Wed Jun 23 15:37:57 2021
high level,5975004,58.5169,-117.136,75.31,43,75,12.66,CA,Wed Jun 23 15:37:58 2021
vostok,2013279,46.4856,135.8833,70.72,52,45,0.98,RU,Wed Jun 23 15:37:58 2021
aswan,359792,24.0934,32.907,87.94,23,0,15.5,EG,Wed Jun 23 15:36:04 2021
flin flon,5954718,54.7682,-101.865,67.84,40,75,14.97,CA,Wed Jun 23 15:36:48 2021
cachoeira do sul,3468436,-30.0392,-52.8939,59.61,89,100,7.23,BR,Wed Jun 23 15:37:59 2021
lamu,189741,-2.2717,40.902,75.2,82,14,15.32,KE,Wed Jun 23 15:37:59 2021
labuhan,8079926,-6.8844,112.2051,76.55,88,75,5.82,ID,Wed Jun 23 15:38:00 2021
port alfred,964432,-33.5906,26.891,59.23,81,98,10.8,ZA,Wed Jun 23 15:38:00 2021
narsaq,3421719,60.9167,-46.05,47.53,96,100,10.54,GL,Wed Jun 23 15:38:00 2021
brigantine,4500920,39.4101,-74.3646,75.47,49,1,9.22,US,Wed Jun 23 15:38:01 2021
luis correia,3396121,-2.8792,-41.6669,78.12,82,30,10.71,BR,Wed Jun 23 15:38:01 2021
berdigestyakh,2026861,62.0989,126.6992,71.24,65,93,4.34,RU,Wed Jun 23 15:33:09 2021
boshnyakovo,2126493,49.6333,142.1667,53.55,92,100,0.54,RU,Wed Jun 23 15:38:02 2021
tuktoyaktuk,6170031,69.4541,-133.0374,51.8,82,20,6.91,CA,Wed Jun 23 15:38:02 2021
multan,1169825,30.1956,71.4753,91.29,49,0,4.61,PK,Wed Jun 23 15:38:02 2021
lorengau,2092164,-2.0226,147.2712,82.78,73,54,2.28,PG,Wed Jun 23 15:38:03 2021
port elizabeth,964420,-33.918,25.5701,59.09,82,0,11.5,ZA,Wed Jun 23 15:38:03 2021
livermore,5367440,37.6819,-121.768,82.63,47,1,4,US,Wed Jun 23 15:38:04 2021
faya,110690,18.3851,42.4509,70.32,17,39,4.88,SA,Wed Jun 23 15:38:04 2021
avarua,4035715,-21.2078,-159.775,78.85,69,20,8.05,CK,Wed Jun 23 15:38:04 2021
alakurtti,583472,66.9672,30.3491,52.63,88,100,8.37,RU,Wed Jun 23 15:38:05 2021
sao filipe,3374210,14.8961,-24.4956,74.12,78,29,8.95,CV,Wed Jun 23 15:38:05 2021
maceio,3395981,-9.6658,-35.7353,74.64,94,75,4.61,BR,Wed Jun 23 15:36:42 2021
mahebourg,934322,-20.4081,57.7,70.09,60,40,9.22,MU,Wed Jun 23 15:38:06 2021
acari,3948613,-15.4311,-74.6158,64.38,77,92,5.55,PE,Wed Jun 23 15:38:06 2021
oranjemund,3354071,-28.55,16.4333,54.66,82,0,5.5,NA,Wed Jun 23 15:38:07 2021
constitucion,3893726,-35.3333,-72.4167,52.74,90,41,8.43,CL,Wed Jun 23 15:38:07 2021
arraial do cabo,3471451,-22.9661,-42.0278,66.16,88,40,0,BR,Wed Jun 23 15:37:25 2021
port-gentil,2396518,-0.7193,8.7815,75.16,94,40,5.75,GA,Wed Jun 23 15:38:08 2021
sinnamary,3380290,5.3833,-52.95,76.68,86,100,11.14,GF,Wed Jun 23 15:38:08 2021
sungaipenuh,1625929,-2.0833,101.3833,61.74,96,83,3.58,ID,Wed Jun 23 15:38:08 2021
gorontalo,1643837,0.5412,123.0595,76.51,92,37,1.77,ID,Wed Jun 23 15:35:46 2021
half moon bay,5354943,37.4636,-122.4286,81.75,64,75,6.91,US,Wed Jun 23 15:38:09 2021
garden city,4993659,42.3256,-83.331,74.32,47,75,1.99,US,Wed Jun 23 15:38:09 2021
linxia,1803331,35.6003,103.2064,64.15,72,100,0.85,CN,Wed Jun 23 15:38:10 2021
columbus,4509177,39.9612,-82.9988,77.52,44,1,1.01,US,Wed Jun 23 15:35:02 2021
namuac,1698354,18.6109,121.1657,76.6,89,100,1.72,PH,Wed Jun 23 15:38:10 2021
porbandar,1259395,21.6422,69.6093,84.29,67,60,15.64,IN,Wed Jun 23 15:38:11 2021
lazaro cardenas,4026082,17.9583,-102.2,85.33,69,100,5.84,MX,Wed Jun 23 15:38:08 2021
urengoy,1488414,65.9667,78.3667,41.61,79,55,2.13,RU,Wed Jun 23 15:38:11 2021
aiquile,3924341,-18.2041,-65.1807,57.16,68,30,5.68,BO,Wed Jun 23 15:38:12 2021
adjumani,235489,3.3779,31.7909,69.26,72,52,0.38,UG,Wed Jun 23 15:38:12 2021
castro,3466704,-24.7911,-50.0119,50.81,93,91,6.53,BR,Wed Jun 23 15:38:13 2021
kailua,5847486,21.4022,-157.7394,84.18,65,90,11.5,US,Wed Jun 23 15:38:13 2021
coquimbo,3893629,-29.9533,-71.3436,56.93,71,20,10.36,CL,Wed Jun 23 15:37:33 2021
san lorenzo,3437056,-25.3333,-57.5333,76.59,73,75,15.01,PY,Wed Jun 23 15:38:14 2021
sarakhs,1159716,36.5449,61.1577,69.94,30,0,2.3,IR,Wed Jun 23 15:38:14 2021
aykhal,2027296,66,111.5,63.46,62,23,10.2,RU,Wed Jun 23 15:38:14 2021
eureka,5563397,40.8021,-124.1637,79.66,76,18,5.01,US,Wed Jun 23 15:38:15 2021
ribeira grande,3372707,38.5167,-28.7,67.68,81,59,7.23,PT,Wed Jun 23 15:38:15 2021
nagornyy,1498067,52.7959,83.5498,52.95,98,100,8.28,RU,Wed Jun 23 15:38:15 2021
mount isa,2065594,-20.7333,139.5,62.37,100,90,10.36,AU,Wed Jun 23 15:38:16 2021
mariinsk,1499350,56.2139,87.7472,46.38,97,47,6.11,RU,Wed Jun 23 15:38:16 2021
klyuchi,1503153,52.2667,79.1667,48.15,94,100,19.75,RU,Wed Jun 23 15:38:17 2021
bredasdorp,1015776,-34.5322,20.0403,49.32,87,100,5.75,ZA,Wed Jun 23 15:38:17 2021
pevek,2122090,69.7008,170.3133,38.77,77,26,1.83,RU,Wed Jun 23 15:38:17 2021
hot springs,4115412,34.5037,-93.0552,85.71,55,75,4.61,US,Wed Jun 23 15:38:18 2021
vardo,777019,70.3705,31.1107,44.8,84,25,12.93,NO,Wed Jun 23 15:38:18 2021
pag,3193726,44.445,15.0575,77.58,65,63,7.02,HR,Wed Jun 23 15:38:19 2021
siva,347863,29.2041,25.5195,88.38,27,0,7.7,EG,Wed Jun 23 15:38:19 2021
tautira,4033557,-17.7333,-149.15,86.02,77,25,9.06,PF,Wed Jun 23 15:38:19 2021
alta floresta,6316343,-9.8756,-56.0861,80.42,69,20,0,BR,Wed Jun 23 15:38:20 2021
leningradskiy,2123814,69.3833,178.4167,46.87,66,13,8.57,RU,Wed Jun 23 15:38:20 2021
kavieng,2094342,-2.5744,150.7967,82.69,75,34,9.06,PG,Wed Jun 23 15:38:21 2021
kathu,1153035,7.9178,98.3332,84.61,74,100,7.74,TH,Wed Jun 23 15:38:21 2021
longyearbyen,2729907,78.2186,15.6401,37.24,81,75,9.22,SJ,Wed Jun 23 15:36:50 2021
bilibino,2126682,68.0546,166.4372,68.47,38,32,5.64,RU,Wed Jun 23 15:38:21 2021
meulaboh,1214488,4.1363,96.1285,74.43,81,98,4.97,ID,Wed Jun 23 15:38:22 2021
kavaratti,1267390,10.5669,72.642,82.04,77,78,15.05,IN,Wed Jun 23 15:38:22 2021
bafoulabe,2460755,13.8065,-10.8321,94.64,28,35,2.08,ML,Wed Jun 23 15:38:23 2021
vila velha,3445026,-20.3297,-40.2925,69.75,78,20,10.36,BR,Wed Jun 23 15:35:00 2021
zverinogolovskoye,1484943,54.4586,64.8542,49.86,78,62,7.94,RU,Wed Jun 23 15:38:23 2021
husavik,2629833,66.0449,-17.3389,46.31,89,61,2.8,IS,Wed Jun 23 15:38:23 2021
vilyuysk,2013392,63.7553,121.6247,72.18,67,89,7.02,RU,Wed Jun 23 15:38:24 2021
mar del plata,3430863,-38.0023,-57.5575,55.99,63,90,8.01,AR,Wed Jun 23 15:35:23 2021
kenai,5866063,60.5544,-151.2583,59.02,63,90,12.66,US,Wed Jun 23 15:38:24 2021
puerto escondido,3520994,15.85,-97.0667,86.83,54,90,11.5,MX,Wed Jun 23 15:38:25 2021
guane,3557758,22.2025,-84.0875,85.48,65,67,1.19,CU,Wed Jun 23 15:38:25 2021
luanda,2240449,-8.8368,13.2343,75.2,83,75,5.75,AO,Wed Jun 23 15:38:26 2021
guerrero negro,4021858,27.9769,-114.0611,75.7,63,10,14.9,MX,Wed Jun 23 15:38:26 2021
viransehir,298033,37.2353,39.7631,75.78,48,0,5.03,TR,Wed Jun 23 15:38:26 2021
acajutla,3587498,13.5928,-89.8275,93.54,79,97,7.36,SV,Wed Jun 23 15:38:27 2021
rio gallegos,3838859,-51.6226,-69.2181,33.46,77,48,5.37,AR,Wed Jun 23 15:38:27 2021
kruisfontein,986717,-34.0033,24.7314,56.88,92,100,5.82,ZA,Wed Jun 23 15:38:27 2021
baft,390054,29.234,56.6057,66.96,13,0,4.18,IR,Wed Jun 23 15:38:28 2021
kieta,2094027,-6.2167,155.6333,81.63,80,96,5.21,PG,Wed Jun 23 15:38:28 2021
berlevag,780687,70.8578,29.0864,44.4,78,90,9.71,NO,Wed Jun 23 15:38:28 2021
hokota,2112688,36.15,140.5167,73.22,88,75,5.75,JP,Wed Jun 23 15:38:29 2021
bowen,2174444,-20.0167,148.2333,66.42,69,84,13.76,AU,Wed Jun 23 15:35:17 2021
sorong,1626542,-0.8833,131.25,77.54,86,59,5.97,ID,Wed Jun 23 15:38:29 2021
yingcheng,1786640,30.95,113.55,78.85,71,40,5.91,CN,Wed Jun 23 15:38:30 2021
albion,4983905,42.2431,-84.753,73.58,57,75,10.36,US,Wed Jun 23 15:37:44 2021
antofagasta,3899539,-23.65,-70.4,60.08,82,0,6.4,CL,Wed Jun 23 15:38:30 2021
pahrump,5509851,36.2083,-115.9839,86.05,24,100,18.12,US,Wed Jun 23 15:38:31 2021
khatanga,2022572,71.9667,102.5,59.25,44,96,8.79,RU,Wed Jun 23 15:38:31 2021
itoman,1861280,26.1247,127.6694,77.38,88,75,5.75,JP,Wed Jun 23 15:38:32 2021
marabba,370510,12.35,32.1833,80.55,60,88,22.32,SD,Wed Jun 23 15:38:32 2021
glyadyanskoye,1506499,54.9075,65.0883,50.88,73,50,8.93,RU,Wed Jun 23 15:38:32 2021
norman wells,6089245,65.282,-126.8329,78.84,38,20,10.36,CA,Wed Jun 23 15:38:33 2021
mankono,2284589,8.0586,-6.1897,71.35,94,90,6.51,CI,Wed Jun 23 15:38:33 2021
bambous virieux,1106677,-20.3428,57.7575,70.05,60,40,9.22,MU,Wed Jun 23 15:38:34 2021
saint-augustin,6137462,51.226,-58.6502,55.29,83,82,16.96,CA,Wed Jun 23 15:38:34 2021
majene,1636806,-3.5403,118.9707,77.45,87,41,3.76,ID,Wed Jun 23 15:38:34 2021
kurilsk,2123979,45.2333,147.8833,57.45,71,79,7.43,RU,Wed Jun 23 15:38:35 2021
thompson,6165406,55.7435,-97.8558,60.96,48,75,17.27,CA,Wed Jun 23 15:34:40 2021
robertsport,2274275,6.7533,-11.3686,78.51,82,98,9.98,LR,Wed Jun 23 15:38:35 2021
nhulunbuy,2064735,-12.2333,136.7667,77.61,88,90,8.05,AU,Wed Jun 23 15:38:36 2021
novaya bryan,2019009,51.7159,108.2691,59.77,86,36,1.16,RU,Wed Jun 23 15:38:36 2021
cape town,3369157,-33.9258,18.4232,52.21,94,0,1.14,ZA,Wed Jun 23 15:38:36 2021
kodiak,5866583,57.79,-152.4072,48.43,99,100,12.3,US,Wed Jun 23 15:38:37 2021
puerto del rosario,2512186,28.5004,-13.8627,67.75,68,14,18.41,ES,Wed Jun 23 15:38:37 2021
kalmar,2702261,56.6616,16.3616,61.97,97,60,3.44,SE,Wed Jun 23 15:38:38 2021
bereznik,577240,62.8551,42.7072,64.63,96,100,1.63,RU,Wed Jun 23 15:38:38 2021
luwuk,1637001,-0.9516,122.7875,78.73,85,85,2.15,ID,Wed Jun 23 15:38:38 2021
mastung,1170706,29.7994,66.845,71.08,10,0,2.21,PK,Wed Jun 23 15:38:39 2021
zavodouspenskoye,1485354,56.8626,65.0155,50.22,87,40,4.09,RU,Wed Jun 23 15:38:39 2021
odweyne,53372,9.4092,45.064,70.81,61,98,18.9,SO,Wed Jun 23 15:38:40 2021
watertown,4954611,42.3709,-71.1828,75.74,43,1,1.99,US,Wed Jun 23 15:34:23 2021
clyde river,5924351,70.4692,-68.5914,34.03,100,90,12.66,CA,Wed Jun 23 15:38:40 2021
turgenevo,480301,54.8455,46.3297,66.45,80,96,2.55,RU,Wed Jun 23 15:38:40 2021
humaita,3664078,-7.5061,-63.0208,79.66,57,17,0.34,BR,Wed Jun 23 15:38:41 2021
codrington,2171099,-38.2667,141.9667,46.04,84,30,11.95,AU,Wed Jun 23 15:38:41 2021
talaya,2120769,61.3833,152.75,55.31,56,100,7.81,RU,Wed Jun 23 15:38:42 2021
severo-kurilsk,2121385,50.6789,156.125,47.23,84,23,5.26,RU,Wed Jun 23 15:38:42 2021
kamenka,553766,51.3223,42.7678,71.17,71,40,6.53,RU,Wed Jun 23 15:38:43 2021
dongsheng,1812256,39.8161,109.9776,69.28,41,100,6.26,CN,Wed Jun 23 15:38:43 2021
sovetskiy,1491230,61.3614,63.5842,47.66,58,36,4.61,RU,Wed Jun 23 15:38:43 2021
olivenza,6355960,38.6832,-7.103,73.2,43,3,4.94,ES,Wed Jun 23 15:38:44 2021
paamiut,3421193,61.994,-49.6678,45.64,92,100,33.35,GL,Wed Jun 23 15:38:44 2021
buala,2109528,-8.145,159.5921,82.65,76,76,10.18,SB,Wed Jun 23 15:38:45 2021
tuatapere,2180815,-46.1333,167.6833,45.82,82,100,7.2,NZ,Wed Jun 23 15:38:45 2021
anloga,2304548,5.7947,0.8973,75.42,79,87,10.85,GH,Wed Jun 23 15:38:46 2021
kodinsk,1503037,58.6881,99.1844,58.93,64,100,3.02,RU,Wed Jun 23 15:38:46 2021
iskateley,866062,67.6803,53.1512,40.17,84,90,10.58,RU,Wed Jun 23 15:38:46 2021
san isidro,3929631,-12.1167,-77.05,65.79,88,90,14.97,PE,Wed Jun 23 15:38:47 2021
ulan-ude,2014407,51.8261,107.6098,60.69,82,40,4.47,RU,Wed Jun 23 15:38:47 2021
olinda,3393536,-8.0089,-34.8553,74.93,78,40,8.05,BR,Wed Jun 23 15:38:32 2021
tecoanapa,3516171,16.5167,-98.75,85.5,68,77,7.4,MX,Wed Jun 23 15:38:47 2021
wagar,364027,16.1525,36.2032,84.25,53,3,21.77,SD,Wed Jun 23 15:38:48 2021
malakal,370737,9.5334,31.6605,73.44,71,24,3.04,SS,Wed Jun 23 15:38:48 2021
la asuncion,3480908,11.0333,-63.8628,82.13,78,100,9.22,VE,Wed Jun 23 15:38:49 2021
werda,932960,-25.2667,23.2833,53.53,48,0,7.23,BW,Wed Jun 23 15:38:49 2021
barranca,3946820,-10.75,-77.7667,64.47,80,67,12.46,PE,Wed Jun 23 15:38:49 2021
pontarlier,2986301,46.8333,6.25,56.16,94,100,3.29,FR,Wed Jun 23 15:38:50 2021
yar-sale,1486321,66.8333,70.8333,43.97,72,100,3.94,RU,Wed Jun 23 15:38:50 2021
miri,1738050,4.4148,114.0089,77.14,88,20,6.91,MY,Wed Jun 23 15:38:51 2021
arman,2127060,59.7,150.1667,48.67,92,100,2.13,RU,Wed Jun 23 15:38:51 2021
tooele,5783695,40.5308,-112.2983,92.34,21,1,10.36,US,Wed Jun 23 15:35:56 2021
sampit,1628884,-2.5333,112.95,73.53,98,34,1.19,ID,Wed Jun 23 15:38:51 2021
usinsk,863061,65.9939,57.5281,54.05,89,96,14.29,RU,Wed Jun 23 15:38:52 2021
boguchany,1509844,58.3814,97.4531,57.78,86,100,6.26,RU,Wed Jun 23 15:38:52 2021
coolum beach,2170581,-26.5333,153.1,62.33,98,99,10.65,AU,Wed Jun 23 15:38:53 2021
namibe,3347019,-15.1961,12.1522,66.74,86,24,2.84,AO,Wed Jun 23 15:38:53 2021
provideniya,4031574,64.3833,-173.3,53.71,66,0,11.18,RU,Wed Jun 23 15:38:54 2021
tiksi,2015306,71.6872,128.8694,33.55,93,99,16.58,RU,Wed Jun 23 15:38:54 2021
jacmel,3723779,18.2342,-72.5347,79.56,83,99,3.44,HT,Wed Jun 23 15:38:55 2021
moron,3430545,-34.6534,-58.6198,57.09,99,90,4.61,AR,Wed Jun 23 15:38:15 2021
whitianga,2179103,-36.8333,175.7,55.02,65,67,3.09,NZ,Wed Jun 23 15:38:55 2021
naze,1855540,28.3667,129.4833,74.32,76,43,9.82,JP,Wed Jun 23 15:38:56 2021
saint-georges,3579925,12.0564,-61.7485,78.48,89,75,13.8,GD,Wed Jun 23 15:34:48 2021
otane,2185329,-39.8833,176.6333,53.38,57,85,3.38,NZ,Wed Jun 23 15:38:56 2021
chara,2025630,56.9064,118.2631,71.69,51,12,1.28,RU,Wed Jun 23 15:38:56 2021
coihaique,3894426,-45.5752,-72.0662,40.95,81,90,8.05,CL,Wed Jun 23 15:38:57 2021
kaoma,913323,-14.7833,24.8,53.26,59,0,5.93,ZM,Wed Jun 23 15:38:57 2021
karratha,6620339,-20.7377,116.8463,55.53,44,23,15.19,AU,Wed Jun 23 15:38:57 2021
honningsvag,779554,70.9821,25.9704,47.44,79,95,10.8,NO,Wed Jun 23 15:38:58 2021
mayor pablo lagerenza,3867427,-19.9309,-60.7718,86.77,35,23,14.92,PY,Wed Jun 23 15:38:58 2021
zharkovskiy,463516,55.849,32.2697,69.78,82,27,5.06,RU,Wed Jun 23 15:38:59 2021
tasiilaq,3424607,65.6145,-37.6368,44.76,66,100,7.76,GL,Wed Jun 23 15:38:59 2021
cooma,2170577,-36.2333,149.1333,47.97,93,75,12.66,AU,Wed Jun 23 15:38:59 2021
dawson creek,5935804,55.7666,-120.2362,69.15,45,90,5.75,CA,Wed Jun 23 15:39:00 2021
itarema,3393692,-2.9248,-39.9167,79.45,74,4,13.67,BR,Wed Jun 23 15:39:00 2021
bordighera,3181864,43.7806,7.6645,72.25,61,11,3.18,IT,Wed Jun 23 15:39:00 2021
tual,1623197,-5.6667,132.75,81.3,80,32,9.08,ID,Wed Jun 23 15:39:01 2021
westport,4845585,41.1415,-73.3579,75.94,46,1,1.99,US,Wed Jun 23 15:38:43 2021
muriwai beach,2186363,-36.8167,174.45,56.19,88,46,3.2,NZ,Wed Jun 23 15:39:01 2021
longjiang,2035970,47.3303,123.1836,75.45,50,0,4.5,CN,Wed Jun 23 15:39:02 2021
crotone,2524881,39.0851,17.1178,83.93,66,1,8.46,IT,Wed Jun 23 15:34:32 2021
poum,2138555,-20.2333,164.0167,73.81,56,34,18.12,NC,Wed Jun 23 15:39:02 2021
oyama,1853483,36.3,139.8,73.58,71,41,3.2,JP,Wed Jun 23 15:39:03 2021
araouane,2460954,18.9048,-3.5265,89.71,31,51,14.65,ML,Wed Jun 23 15:39:03 2021
vanavara,2013727,60.34,102.2797,63.19,62,87,3.78,RU,Wed Jun 23 15:39:03 2021
shirgaon,1256486,19.7,72.7,82.33,78,100,10.58,IN,Wed Jun 23 15:39:04 2021
azacualpa,3614970,15.3433,-88.5514,92.03,86,69,4.47,HN,Wed Jun 23 15:39:04 2021
lagoa,3372964,39.05,-27.9833,66.29,84,27,11.95,PT,Wed Jun 23 15:39:04 2021
ilulissat,3423146,69.2167,-51.1,42.82,87,75,3.44,GL,Wed Jun 23 15:39:05 2021
gamba,2400547,-2.65,10,72.84,88,83,3.76,GA,Wed Jun 23 15:39:05 2021
dudinka,1507116,69.4058,86.1778,46.4,70,36,1.05,RU,Wed Jun 23 15:39:05 2021
fukue,1863997,32.6881,128.8419,71.83,77,57,8.21,JP,Wed Jun 23 15:39:06 2021
tulun,2014927,54.5611,100.5792,52.95,95,100,9.6,RU,Wed Jun 23 15:39:06 2021
caska,792034,41.6506,21.6622,72.12,52,0,3.76,MK,Wed Jun 23 15:39:07 2021
veraval,1253237,20.9,70.3667,83.16,77,85,12.86,IN,Wed Jun 23 15:39:07 2021
zapolyarnyy,464790,69.4154,30.8136,45.68,85,100,6.73,RU,Wed Jun 23 15:39:07 2021
lakes entrance,2160735,-37.8811,147.981,52.57,74,100,6.62,AU,Wed Jun 23 15:39:08 2021
santo tomas,1687534,14.1079,121.1414,78.39,88,100,1.9,PH,Wed Jun 23 15:39:08 2021
george town,1735106,5.4112,100.3354,77.9,93,40,3,MY,Wed Jun 23 15:35:00 2021
turan,1583992,16.0678,108.2208,84.18,70,20,1.14,VN,Wed Jun 23 15:39:09 2021
katobu,1640972,-4.9408,122.5276,76.73,89,95,2.33,ID,Wed Jun 23 15:39:09 2021
chapais,5919850,49.7834,-74.8492,60.58,44,88,7.85,CA,Wed Jun 23 15:39:10 2021
korla,1529376,41.7597,86.1469,70.38,22,0,11.68,CN,Wed Jun 23 15:39:10 2021
whyalla,2058430,-33.0333,137.5833,51.69,87,75,18.41,AU,Wed Jun 23 15:39:10 2021
butembo,217562,0.15,29.2833,57.76,82,98,2.89,CD,Wed Jun 23 15:39:11 2021
ende,1644932,-8.8432,121.6623,76.53,90,19,1.99,ID,Wed Jun 23 15:39:11 2021
dakar,2253354,14.6937,-17.4441,78.93,83,20,6.91,SN,Wed Jun 23 15:39:11 2021
alferrarede,2272010,39.4833,-8.1667,62.22,67,0,5.19,PT,Wed Jun 23 15:39:12 2021
kahului,5847411,20.8947,-156.47,86.74,62,40,21.85,US,Wed Jun 23 15:38:04 2021
cap malheureux,934649,-19.9842,57.6142,70.29,72,21,3,MU,Wed Jun 23 15:39:12 2021
la palma,5364022,33.8464,-118.0467,97.66,54,75,7,US,Wed Jun 23 15:39:13 2021
riverton,5780557,40.5219,-111.9391,94.55,18,1,1.01,US,Wed Jun 23 15:36:06 2021
rocha,3440777,-34.4833,-54.3333,58.68,89,95,18.14,UY,Wed Jun 23 15:39:13 2021
grahamstown,1000501,-33.3042,26.5328,50.38,91,100,4.83,ZA,Wed Jun 23 15:38:39 2021
okato,2185763,-39.2,173.8833,48.42,74,87,8.1,NZ,Wed Jun 23 15:39:14 2021
goryachegorsk,1491519,55.4053,88.9154,45.05,90,50,3.47,RU,Wed Jun 23 15:39:14 2021
twistringen,2820643,52.8,8.65,61.99,84,100,7.23,DE,Wed Jun 23 15:39:14 2021
leibnitz,2772753,46.7816,15.5384,75.9,66,39,1.01,AT,Wed Jun 23 15:39:15 2021
senekal,956507,-28.3197,27.6208,49.75,53,73,3.15,ZA,Wed Jun 23 15:39:15 2021
port augusta,2063056,-32.5,137.7667,51.94,82,46,14.9,AU,Wed Jun 23 15:39:15 2021
moranbah,6533368,-22.0016,148.0466,66.36,67,77,12.12,AU,Wed Jun 23 15:39:16 2021
zhuzhou,1783763,27.8333,113.15,77.13,88,77,2.75,CN,Wed Jun 23 15:39:16 2021
dera bugti,1180295,29.0307,69.151,89.11,44,0,3.49,PK,Wed Jun 23 15:39:17 2021
encruzilhada do sul,3464255,-30.5439,-52.5219,55.56,90,100,5.21,BR,Wed Jun 23 15:39:17 2021
vestmanna,2610343,62.1564,-7.1664,47.32,87,90,4.61,FO,Wed Jun 23 15:39:17 2021
pingliang,1798760,35.5392,106.6861,68.31,63,100,1.5,CN,Wed Jun 23 15:39:18 2021
sangmelima,2222230,2.9333,11.9833,67.32,98,100,2.1,CM,Wed Jun 23 15:39:18 2021
verkhnyaya toyma,474470,62.2349,44.9985,64.49,96,100,2.57,RU,Wed Jun 23 15:39:18 2021
ormara,1168700,25.2088,64.6357,82.49,80,61,11.43,PK,Wed Jun 23 15:39:19 2021
maragogi,3395458,-9.0122,-35.2225,75.7,82,31,6.93,BR,Wed Jun 23 15:39:19 2021
ferndale,4992635,42.4606,-83.1347,73.92,56,1,10.36,US,Wed Jun 23 15:39:07 2021
hofn,2630299,64.2539,-15.2082,49.12,64,62,8.84,IS,Wed Jun 23 15:39:20 2021
velikooktyabrskiy,476046,57.4333,33.8159,69.39,83,9,5.08,RU,Wed Jun 23 15:39:20 2021
bubaque,2374583,11.2833,-15.8333,80.2,83,46,17.98,GW,Wed Jun 23 15:39:20 2021
beloha,1067565,-25.1667,45.05,61.57,72,0,6.49,MG,Wed Jun 23 15:39:21 2021
alice springs,2077895,-23.7,133.8833,38.75,93,0,5.75,AU,Wed Jun 23 15:37:10 2021
dullewala,1179496,31.8359,71.4362,94.84,25,8,7.7,PK,Wed Jun 23 15:39:21 2021
salinas,5391295,36.6777,-121.6555,81.57,59,20,16.11,US,Wed Jun 23 15:39:19 2021
saint-pierre,935214,-21.3393,55.4781,67.64,63,0,6.91,RE,Wed Jun 23 15:39:22 2021
aksarka,1512019,66.5606,67.7975,49.51,58,81,2.84,RU,Wed Jun 23 15:39:22 2021
petropavlovsk-kamchatskiy,2122104,53.0452,158.6483,57.79,58,0,2.24,RU,Wed Jun 23 15:39:23 2021
yacuanquer,3665811,1.1158,-77.4017,52.3,86,84,2.84,CO,Wed Jun 23 15:39:23 2021
mandurah,2067119,-32.55,115.7,44.17,79,0,7.25,AU,Wed Jun 23 15:36:39 2021
lasa,3175096,46.6166,10.7002,63.48,85,14,3.8,IT,Wed Jun 23 15:39:24 2021
hilton head island,4581833,32.2163,-80.7526,82.98,77,75,9.22,US,Wed Jun 23 15:35:50 2021
bentiu,377472,9.2333,29.8333,74.28,69,92,2.39,SS,Wed Jun 23 15:39:24 2021
gambela,337405,8.25,34.5833,71.11,87,63,2.28,ET,Wed Jun 23 15:39:25 2021
constantine,2501152,36.365,6.6147,67.41,77,75,8.05,DZ,Wed Jun 23 15:39:25 2021
genhe,2037252,50.7833,121.5167,68.63,63,18,1.92,CN,Wed Jun 23 15:39:25 2021
soe,1626703,-9.8607,124.284,66.97,91,54,1.34,ID,Wed Jun 23 15:39:26 2021
emerald,2167426,-23.5333,148.1667,62.74,77,99,4.61,AU,Wed Jun 23 15:39:26 2021
north myrtle beach,4589446,33.816,-78.68,81.34,70,40,10,US,Wed Jun 23 15:39:27 2021
bengkulu,1649150,-3.8004,102.2655,74.17,90,89,3.67,ID,Wed Jun 23 15:39:27 2021
roma,5134295,43.2128,-75.4557,73.26,41,20,8.05,US,Wed Jun 23 15:35:59 2021
songjianghe,2034691,42.1859,127.479,63.61,62,2,2.44,CN,Wed Jun 23 15:39:28 2021
bulaevo,1525014,54.9056,70.4439,45.01,87,76,9.42,KZ,Wed Jun 23 15:39:28 2021
coruripe,3465329,-10.1256,-36.1756,74.16,86,24,7.74,BR,Wed Jun 23 15:39:28 2021
bida,2347209,9.0833,6.0167,75.18,87,87,3.94,NG,Wed Jun 23 15:39:29 2021
axim,2303611,4.8699,-2.2405,76.28,88,86,2.59,GH,Wed Jun 23 15:38:33 2021
vila franca do campo,3372472,37.7167,-25.4333,66.61,75,72,0.56,PT,Wed Jun 23 15:39:29 2021
sawtell,2150163,-30.3833,153.1,65.19,68,100,5.75,AU,Wed Jun 23 15:39:30 2021
baykit,1510689,61.67,96.37,61.56,58,60,3.27,RU,Wed Jun 23 15:39:30 2021
padang,1633419,-0.9492,100.3543,68.05,71,26,4.03,ID,Wed Jun 23 15:39:30 2021
isoka,916668,-10.1606,32.6335,53.24,88,37,2.39,ZM,Wed Jun 23 15:39:31 2021
hohoe,2300372,7.1518,0.4736,73.4,94,100,3.85,GH,Wed Jun 23 15:39:31 2021
la vergne,4635031,36.0156,-86.5819,84.2,39,1,3.44,US,Wed Jun 23 15:39:31 2021
kuala terengganu,1734705,5.3302,103.1408,78.75,94,40,1.14,MY,Wed Jun 23 15:39:32 2021
aden,415189,12.7794,45.0367,87.13,67,100,16.37,YE,Wed Jun 23 15:38:46 2021
krasnoturansk,1502063,54.3186,91.5639,45.39,93,51,3.36,RU,Wed Jun 23 15:39:32 2021
shingu,1847947,33.7333,135.9833,72.91,68,35,3.69,JP,Wed Jun 23 15:39:33 2021
marondera,886990,-18.1853,31.5519,47.71,65,4,4.23,ZW,Wed Jun 23 15:39:33 2021
san jeronimo,3929611,-11.9472,-75.2829,52.2,69,20,6.67,PE,Wed Jun 23 15:39:33 2021
mecca,104515,21.4267,39.8261,89.76,31,5,2.86,SA,Wed Jun 23 15:39:34 2021
sume,3387130,-7.6717,-36.88,70.68,77,37,11.21,BR,Wed Jun 23 15:39:34 2021
pundaguitan,1698289,6.3711,126.1689,82.89,73,98,5.46,PH,Wed Jun 23 15:39:34 2021
diamantino,3464724,-14.4086,-56.4461,78.15,39,49,4.81,BR,Wed Jun 23 15:39:35 2021
vyazma,470676,55.2104,34.2951,66.47,84,7,4.29,RU,Wed Jun 23 15:39:35 2021
frolovo,562389,49.7713,43.6622,74.19,55,40,9.95,RU,Wed Jun 23 15:39:36 2021
howard springs,6301965,-12.497,131.047,76.91,96,59,4.23,AU,Wed Jun 23 15:39:36 2021
turukhansk,1488903,65.8167,87.9833,57.09,74,94,6.98,RU,Wed Jun 23 15:39:36 2021
fevik,3157679,58.3794,8.6766,57.61,78,0,2.8,NO,Wed Jun 23 15:39:37 2021
samarai,2132606,-10.6167,150.6667,78.42,77,100,14.67,PG,Wed Jun 23 15:39:37 2021
hamilton,4513583,39.1834,-84.5333,78.15,46,1,3,US,Wed Jun 23 15:39:37 2021
abalak,1512223,58.1286,68.5944,38.64,96,65,4.61,RU,Wed Jun 23 15:39:38 2021
olafsvik,3414079,64.8945,-23.7142,46.96,74,0,9.13,IS,Wed Jun 23 15:39:38 2021
udachnyy,2014624,66.4167,112.4,61.07,63,28,12.3,RU,Wed Jun 23 15:39:38 2021
bonthe,2409914,7.5264,-12.505,77.9,85,99,6.98,SL,Wed Jun 23 15:39:39 2021
mareeba,2158767,-17,145.4333,69.31,90,62,4.32,AU,Wed Jun 23 15:39:39 2021
san vicente,3428068,-26.6167,-54.1333,63.91,80,100,7.05,AR,Wed Jun 23 15:39:40 2021
okha,2122614,53.5739,142.9478,52.2,71,11,6.71,RU,Wed Jun 23 15:39:40 2021
viedma,3832899,-40.8135,-62.9967,50.38,81,62,9.08,AR,Wed Jun 23 15:39:40 2021
zhaotong,1784841,27.3167,103.7167,62.44,96,100,3.18,CN,Wed Jun 23 15:39:41 2021
wageningen,2745087,51.9667,5.6667,61.09,82,90,6.91,NL,Wed Jun 23 15:39:41 2021
hambantota,1244926,6.1241,81.1185,79.14,81,90,17.22,LK,Wed Jun 23 15:39:41 2021
tomatlan,3981391,19.9333,-105.25,82.51,79,100,3.74,MX,Wed Jun 23 15:39:42 2021
odienne,2283016,9.51,-7.5692,74.46,80,78,4.32,CI,Wed Jun 23 15:39:42 2021
anadyr,2127202,64.75,177.4833,63.1,55,20,11.18,RU,Wed Jun 23 15:39:43 2021
zaysan,1517060,47.4667,84.8667,57.04,52,100,2.86,KZ,Wed Jun 23 15:39:43 2021
west bend,5278422,43.4253,-88.1834,79.75,57,40,12.66,US,Wed Jun 23 15:39:43 2021
pisco,3932145,-13.7,-76.2167,66.25,77,0,17.27,PE,Wed Jun 23 15:39:44 2021
torbay,6167817,47.6666,-52.7314,72.37,90,90,16.11,CA,Wed Jun 23 15:35:29 2021
timra,2669047,62.487,17.3257,56.91,96,90,0,SE,Wed Jun 23 15:39:44 2021
pedernales,3495137,18.0384,-71.744,83.37,71,98,1.32,DO,Wed Jun 23 15:39:45 2021
tarakan,1624725,3.3,117.6333,78.3,89,75,10.36,ID,Wed Jun 23 15:39:45 2021
awbari,2219235,26.5921,12.7805,88.36,17,0,8.43,LY,Wed Jun 23 15:39:45 2021
tuy hoa,1563281,13.0833,109.3,80.76,71,96,9.55,VN,Wed Jun 23 15:39:46 2021
ancud,3899695,-41.8697,-73.8203,47.43,73,100,17.72,CL,Wed Jun 23 15:39:46 2021
zyryanka,2119283,65.75,150.85,70.39,39,21,2.26,RU,Wed Jun 23 15:39:46 2021
chumikan,2025256,54.7183,135.315,49.51,76,72,0.92,RU,Wed Jun 23 15:39:47 2021
zakharovo,465446,54.366,39.2792,70.47,81,0,1.99,RU,Wed Jun 23 15:36:08 2021
ostrovnoy,556268,68.0531,39.5131,41.65,88,97,8.52,RU,Wed Jun 23 15:39:47 2021
adrar,2381972,20.5022,-10.0711,89.98,12,2,15.21,MR,Wed Jun 23 15:39:48 2021
egvekinot,4031742,66.3167,-179.1667,54.16,47,18,0.92,RU,Wed Jun 23 15:35:13 2021
broome,5110365,42.2506,-75.833,72.63,47,20,4.61,US,Wed Jun 23 15:39:48 2021
kamyshin,553287,50.0983,45.416,72.66,59,54,8.19,RU,Wed Jun 23 15:39:48 2021
arona,2521582,28.0996,-16.681,63.82,68,75,18.41,ES,Wed Jun 23 15:39:49 2021
erzurum,315367,40,41.5,49.68,40,0,2.75,TR,Wed Jun 23 15:39:49 2021
krasnoselkup,1502073,65.7,82.4667,46.22,73,61,8.99,RU,Wed Jun 23 15:39:49 2021
port moresby,2088122,-9.4431,147.1797,76.42,88,40,2.3,PG,Wed Jun 23 15:39:50 2021
sioux lookout,6148373,50.1001,-91.917,80.98,36,75,19.57,CA,Wed Jun 23 15:39:50 2021
kita,2455216,13.0349,-9.4895,87.21,42,68,3.56,ML,Wed Jun 23 15:39:51 2021
camabatela,2242885,-8.1881,15.375,59.43,71,20,2.66,AO,Wed Jun 23 15:39:51 2021
faridabad,1271951,28.4333,77.3167,95.49,37,1,6.35,IN,Wed Jun 23 15:39:51 2021
manaus,3663517,-3.1019,-60.025,81.09,83,40,5.75,BR,Wed Jun 23 15:32:36 2021
peterborough,2640354,52.5736,-0.2478,59.76,72,26,6.91,GB,Wed Jun 23 15:39:52 2021
talnakh,1490256,69.4865,88.3972,49.1,71,69,5.32,RU,Wed Jun 23 15:39:52 2021
hay river,5972762,60.8156,-115.7999,53.58,62,75,3.44,CA,Wed Jun 23 15:39:53 2021
houma,4328010,29.5958,-90.7195,89.01,72,40,5.75,US,Wed Jun 23 15:39:53 2021
kalachinsk,1505074,55.0529,74.5751,47.21,90,100,16.28,RU,Wed Jun 23 15:39:53 2021
yenagoa,2318123,4.9247,6.2642,72.41,96,78,4.52,NG,Wed Jun 23 15:39:54 2021
fontem,2231564,5.4685,9.8818,63.82,96,94,2.91,CM,Wed Jun 23 15:39:54 2021
maniitsoq,3421982,65.4167,-52.9,39.96,98,100,15.82,GL,Wed Jun 23 15:39:54 2021
nelson bay,2155562,-32.7167,152.15,57.69,95,100,8.16,AU,Wed Jun 23 15:39:55 2021
ranong,1150965,9.9658,98.6348,78.94,83,100,6.69,TH,Wed Jun 23 15:39:55 2021
turayf,101312,31.6725,38.6637,77.25,31,0,10.36,SA,Wed Jun 23 15:39:56 2021
cenotillo,3531362,20.9667,-88.6167,93.49,40,6,10.18,MX,Wed Jun 23 15:39:56 2021
tabou,2281120,4.423,-7.3528,75.4,93,100,10.54,CI,Wed Jun 23 15:39:56 2021
klaksvik,2618795,62.2266,-6.589,49.12,87,100,12.19,FO,Wed Jun 23 15:39:57 2021
jining,1805518,35.405,116.5814,82.99,1,29,9.4,CN,Wed Jun 23 15:35:05 2021
caravelas,3466980,-17.7125,-39.2481,73.18,72,21,12.41,BR,Wed Jun 23 15:39:57 2021
liloy,1706383,8.1144,122.6594,79.2,85,99,3.2,PH,Wed Jun 23 15:39:58 2021
kabinda,215527,-6.1333,24.4833,71.58,46,94,3.44,CD,Wed Jun 23 15:39:58 2021
bandarbeyla,64814,9.4942,50.8122,77.05,79,100,26.75,SO,Wed Jun 23 15:39:58 2021
makakilo city,5850554,21.3469,-158.0858,82.72,56,90,10.36,US,Wed Jun 23 15:39:59 2021
mandalgovi,2030065,45.7625,106.2708,68.52,36,91,12.28,MN,Wed Jun 23 15:39:59 2021
kuytun,2021093,54.3419,101.5036,53.42,94,100,9.24,RU,Wed Jun 23 15:39:59 2021
zonguldak,737021,41.25,31.8333,58.91,90,7,2.84,TR,Wed Jun 23 15:40:00 2021
gilbues,3398931,-9.8317,-45.3439,75.76,56,30,5.77,BR,Wed Jun 23 15:40:00 2021
raton,5486795,36.9034,-104.4391,93.54,17,1,1.99,US,Wed Jun 23 15:40:01 2021
heihe,2036973,50.2441,127.4902,61.38,70,19,0.87,CN,Wed Jun 23 15:40:01 2021
maine-soroa,2441447,13.2114,12.0241,89.2,40,99,9.95,NE,Wed Jun 23 15:40:01 2021
gueugnon,3014334,46.6036,4.0629,62.69,99,100,2.19,FR,Wed Jun 23 15:40:02 2021
camacha,2270385,33.0833,-16.3333,63.36,68,20,12.66,PT,Wed Jun 23 15:40:03 2021
marienburg,3092472,54.0359,19.0266,64.06,91,11,5.53,PL,Wed Jun 23 15:40:03 2021
finschhafen,2097418,-6.6024,147.8681,75.63,95,100,10.67,PG,Wed Jun 23 15:40:04 2021
orje,3143427,59.4802,11.6602,58.05,97,2,1.61,NO,Wed Jun 23 15:40:04 2021
paracin,787215,43.8608,21.4078,75.92,65,0,2.98,RS,Wed Jun 23 15:40:05 2021
serenje,898912,-13.2325,30.2352,51.01,74,24,4.65,ZM,Wed Jun 23 15:40:05 2021
prince george,6113365,53.9166,-122.753,67.44,55,1,4.61,CA,Wed Jun 23 15:40:05 2021
komsomolskiy,1513491,40.4272,71.7189,68.72,37,0,4.61,UZ,Wed Jun 23 15:40:06 2021
buchanan,2278158,5.8808,-10.0467,76.66,88,100,10.51,LR,Wed Jun 23 15:40:06 2021
tilichiki,2120591,60.4667,166.1,60.96,54,60,7.87,RU,Wed Jun 23 15:40:06 2021
sao joao da barra,3448903,-21.6403,-41.0511,67.24,83,0,10.63,BR,Wed Jun 23 15:39:07 2021
suntar,2015913,62.1444,117.6319,71.46,63,12,5.06,RU,Wed Jun 23 15:40:07 2021
deputatskiy,2028164,69.3,139.9,66.2,37,44,3.74,RU,Wed Jun 23 15:40:07 2021
chateaubelair,3577933,13.2833,-61.25,81.21,83,40,5.75,VC,Wed Jun 23 15:40:08 2021
tromso,6453316,69.6496,18.957,54.25,66,0,1.99,NO,Wed Jun 23 15:40:08 2021
micheweni,153955,-4.9667,39.8333,74.73,81,9,10.69,TZ,Wed Jun 23 15:40:08 2021
omsukchan,2122493,62.5333,155.8,57.78,45,87,5.1,RU,Wed Jun 23 15:40:09 2021
port macquarie,2152659,-31.4333,152.9167,55.36,71,100,8.88,AU,Wed Jun 23 15:40:09 2021
porgera,2088143,-5.4667,143.2,51.35,67,81,1.3,PG,Wed Jun 23 15:40:10 2021
sretensk,2016110,52.2453,117.7093,64.4,89,100,0.4,RU,Wed Jun 23 15:40:10 2021
auki,2109701,-8.7676,160.7034,81.73,77,73,6.42,SB,Wed Jun 23 15:40:10 2021
tsabong,932987,-26.0217,22.401,58.84,40,0,11.27,BW,Wed Jun 23 15:40:11 2021
santiago,3871336,-33.4569,-70.6483,49.44,88,90,0,CL,Wed Jun 23 15:36:33 2021
whitehorse,6180550,60.7161,-135.0538,76.01,29,40,15.01,CA,Wed Jun 23 15:37:59 2021
yeppoon,2142316,-23.1333,150.7333,64.18,72,85,7.9,AU,Wed Jun 23 15:40:11 2021
upernavik,3418910,72.7868,-56.1549,43.14,81,47,11.61,GL,Wed Jun 23 15:40:12 2021
nanchang,1800163,28.6833,115.8833,76.26,86,92,3.71,CN,Wed Jun 23 15:40:12 2021
makat,608872,47.6469,53.3463,85.89,22,48,8.08,KZ,Wed Jun 23 15:40:13 2021
santa rosa,1687894,14.3122,121.1114,79.92,85,100,2.68,PH,Wed Jun 23 15:40:13 2021
belyy yar,1510377,53.6039,91.3903,46.29,93,0,4.47,RU,Wed Jun 23 15:40:13 2021
macaubas,3458237,-13.0194,-42.6986,76.01,35,19,9.17,BR,Wed Jun 23 15:40:14 2021
carauari,3664659,-4.8828,-66.8958,79.25,71,95,1.05,BR,Wed Jun 23 15:40:14 2021
madimba,878141,-10.4,40.3333,69.48,84,56,7.27,TZ,Wed Jun 23 15:40:14 2021
xixiang,1788206,35.1628,112.865,82.96,35,67,10.02,CN,Wed Jun 23 15:40:15 2021
jever,2894897,53.5833,7.9,57.43,82,75,4.61,DE,Wed Jun 23 15:40:15 2021
biryusinsk,1510041,55.9634,97.8235,51.51,97,100,6.51,RU,Wed Jun 23 15:40:15 2021
tatarsk,1490003,55.219,75.9828,46.85,87,100,15.39,RU,Wed Jun 23 15:40:16 2021
joshimath,1268814,30.5667,79.5667,62.85,58,0,7.05,IN,Wed Jun 23 15:40:16 2021
gilgit,1178338,35.9221,74.3087,67.55,61,99,0.65,PK,Wed Jun 23 15:40:17 2021
pastavy,623760,55.1168,26.8326,70.81,91,54,3.96,BY,Wed Jun 23 15:40:17 2021
zhangye,1785036,38.9342,100.4517,65.34,68,100,7.29,CN,Wed Jun 23 15:40:17 2021
ayan,2027316,56.45,138.1667,52.3,80,59,12.71,RU,Wed Jun 23 15:40:18 2021
tchibanga,2396253,-2.85,11.0333,69.33,95,99,1.74,GA,Wed Jun 23 15:40:18 2021
santa maria,3450083,-29.6842,-53.8069,58.3,100,40,8.05,BR,Wed Jun 23 15:36:57 2021
darab,137956,28.7519,54.5444,80.42,8,0,6.26,IR,Wed Jun 23 15:40:19 2021
jumla,1283285,29.2747,82.1838,57.63,92,19,2.62,NP,Wed Jun 23 15:40:19 2021
palana,2122262,59.1167,159.9667,45.68,83,100,6.6,RU,Wed Jun 23 15:40:19 2021
mahon,2514301,39.8885,4.2658,68.56,88,20,6.91,ES,Wed Jun 23 15:40:20 2021
yarada,1252783,17.65,83.2667,83.14,74,85,9.1,IN,Wed Jun 23 15:40:20 2021
san patricio,4726521,28.017,-97.5169,93.29,64,24,16.91,US,Wed Jun 23 15:40:20 2021
luyang,1801669,27.6239,110.0989,74.55,85,95,1.72,CN,Wed Jun 23 15:40:21 2021
progreso,3521108,21.2833,-89.6667,96.12,76,8,14.79,MX,Wed Jun 23 15:40:21 2021
san ignacio,3581194,17.1561,-89.0714,75.34,88,75,0,BZ,Wed Jun 23 15:40:21 2021
atar,2381334,20.5169,-13.0499,90.19,14,11,11.01,MR,Wed Jun 23 15:40:22 2021
bambanglipuro,1650434,-7.95,110.2833,56.61,92,73,5.39,ID,Wed Jun 23 15:40:22 2021
helsinki,658225,60.1695,24.9355,66.78,94,75,5.75,FI,Wed Jun 23 15:35:48 2021
salalah,286621,17.0151,54.0924,78.89,89,90,6.91,OM,Wed Jun 23 15:40:23 2021
parabel,1495586,58.6978,81.4825,48.36,74,89,2.35,RU,Wed Jun 23 15:40:23 2021
aklavik,5882953,68.2191,-135.0107,77.72,43,40,3.44,CA,Wed Jun 23 15:40:24 2021
kondagaon,1266216,19.6,81.6667,72.16,94,100,4.23,IN,Wed Jun 23 15:40:24 2021
kjopsvik,3150002,68.097,16.3742,55.17,86,100,0.63,NO,Wed Jun 23 15:40:24 2021
ceres,5335650,37.5949,-120.9577,96.8,28,1,3.44,US,Wed Jun 23 15:39:29 2021
mwene-ditu,207570,-7,23.45,67.24,49,12,3.6,CD,Wed Jun 23 15:40:25 2021
roald,3141667,62.5833,6.1333,58.15,87,90,9.22,NO,Wed Jun 23 15:40:25 2021
nsanje,924572,-16.92,35.262,64.24,86,50,2.19,MW,Wed Jun 23 15:40:25 2021
fuerte olimpo,3438102,-21.0415,-57.8738,83.8,40,32,9.71,PY,Wed Jun 23 15:40:26 2021
porto novo,2392087,6.4965,2.6036,76.12,83,93,5.41,BJ,Wed Jun 23 15:40:26 2021
prince rupert,6113406,54.3161,-130.3201,57.29,87,90,5.75,CA,Wed Jun 23 15:40:27 2021
bonavista,5905393,48.6499,-53.1147,69.8,95,44,16.91,CA,Wed Jun 23 15:40:27 2021
vinh,1562798,18.6667,105.6667,81.55,76,100,5.17,VN,Wed Jun 23 15:40:27 2021
litovko,2020738,49.2361,135.1742,69.15,78,68,2.8,RU,Wed Jun 23 15:40:28 2021
pakxan,1655140,18.3778,103.6601,76.14,94,100,1.72,LA,Wed Jun 23 15:40:28 2021
senneterre,6144195,48.3835,-77.2328,62.82,90,95,6.38,CA,Wed Jun 23 15:40:28 2021
adre,245669,13.4667,22.2,80.85,46,100,5.48,TD,Wed Jun 23 15:40:29 2021
dolgorukovo,565611,52.3195,38.3453,70.48,77,82,7.31,RU,Wed Jun 23 15:40:29 2021
isangel,2136825,-19.55,169.2667,75.31,73,20,5.75,VU,Wed Jun 23 15:40:29 2021
marzuq,72181,14.4,46.4667,79.12,43,100,7.34,YE,Wed Jun 23 15:40:30 2021
beaver dam,5245193,43.4578,-88.8373,77.11,60,90,12.66,US,Wed Jun 23 15:40:30 2021
shawnee,4279253,39.05,-95.7669,92.57,53,1,7,US,Wed Jun 23 15:40:31 2021
west plains,4414200,36.7281,-91.8524,82.08,45,1,1.01,US,Wed Jun 23 15:40:31 2021
yalta,688533,44.5,34.1667,71.53,87,87,4.05,UA,Wed Jun 23 15:40:31 2021
zaraza,3625066,9.3503,-65.3245,75.61,91,96,5.53,VE,Wed Jun 23 15:40:32 2021
boksitogorsk,575410,59.474,33.8485,70.48,67,12,5.1,RU,Wed Jun 23 15:40:32 2021
halifax,6324729,44.6453,-63.5724,70.48,57,75,1.99,CA,Wed Jun 23 15:40:33 2021
pointe michel,3575660,15.25,-61.3833,85.14,58,75,2.3,DM,Wed Jun 23 15:40:33 2021
avera,4231997,33.194,-82.5271,87.71,53,6,7.72,US,Wed Jun 23 15:40:33 2021
rawson,3839307,-43.3002,-65.1023,50.18,67,70,8.41,AR,Wed Jun 23 15:40:34 2021
morondava,1058381,-20.2833,44.2833,67.57,75,0,7.14,MG,Wed Jun 23 15:40:34 2021
lata,2738381,40.1629,-8.3327,60.82,78,1,1.99,PT,Wed Jun 23 15:40:34 2021
